,Demand Area 1,Demand Area 2,Demand Area 3,Demand Area 4,Demand Area 5,Demand Area 6,Demand Area 7,Demand Area 8
Pickup Point 1,31.95254015709299,38.60757465489678,34.110535042865756,31.795327319875874,26.94619197355619,35.835764522666246,27.5034884505077,45.67092003128319
Pickup Point 2,48.54651042004117,25.33766075303111,41.669001523306584,31.155796790116177,32.72178244375729,47.02386553170644,12.841442327915477,13.485171988061628
Pickup Point 3,10.80873589761303,43.30479382191752,41.12627003799402,44.800485929872764,49.14473368931056,41.96634256866894,28.459174490117274,41.22116705145822
Pickup Point 4,14.730977034757329,35.59684085310096,15.734131496361856,47.786756681983356,30.873932870002868,26.58647759962094,20.58222448418508,40.969347577368666
Pickup Point 5,28.246013288661942,32.73735795474594,10.751592017454206,34.705419883035084,34.483828908896854,34.67735987499027,47.74992314058497,37.272811964139336
