{
    "2020-2": {
        "Total_diagnosed": 4618,
        "Total_treated": 4470,
        "Treatment_delay_rate": 3.2048505846686877
    },
    "2020-3": {
        "Total_diagnosed": 4324,
        "Total_treated": 4249,
        "Treatment_delay_rate": 1.7345050878815909
    },
    "2020-4": {
        "Total_diagnosed": 4881,
        "Total_treated": 4805,
        "Treatment_delay_rate": 1.5570579799221471
    },
    "2021-1": {
        "Total_diagnosed": 4511,
        "Total_treated": 4401,
        "Treatment_delay_rate": 2.4384837064952336
    },
    "2021-2": {
        "Total_diagnosed": 5731,
        "Total_treated": 5615,
        "Treatment_delay_rate": 2.0240795672657477
    },
    "2021-3": {
        "Total_diagnosed": 5780,
        "Total_treated": 5588,
        "Treatment_delay_rate": 3.3217993079584778
    },
    "2021-4": {
        "Total_diagnosed": 6391,
        "Total_treated": 6207,
        "Treatment_delay_rate": 2.879048662181192
    }
}