,feature,VIF
1,JobLevel,5.882640968918864
2,JobRole_Manager,1.8543524046443796
3,JobRole_Research Director,1.4948106297790198
4,TotalWorkingYears,2.700079051071464
5,JobRole_Laboratory Technician,1.706772316171183
6,JobRole_Research Scientist,1.8207573673767952
7,JobRole_Sales Representative,1.3108827935420846
